{"models": {"Model1": {"balance": 800, "weight": 0.4444444444444444}, "Model2": {"balance": 1000, "weight": 0.5555555555555556}}}